30,0.807605,-0.661356,0.000061
46,0.796496,-0.662333,0.000061
61,0.79613,-0.659281,0.000061
77,0.797473,-0.661478,0.000061
92,0.796741,-0.664042,0.000061
108,0.807361,-0.66746,0.000061
124,0.798694,-0.663554,0.000061
139,0.79845,-0.665995,0.000061
155,0.797107,-0.66331,0.000061
171,0.797961,-0.66453,0.000061
187,0.801746,-0.660868,0.000061
202,0.803455,-0.668559,0.000061
217,0.796374,-0.658304,0.000061
233,0.799915,-0.66392,0.000061
249,0.799792,-0.662577,0.000061
264,0.800525,-0.664408,0.000061
280,0.801257,-0.66392,0.000061
296,0.802112,-0.662821,0.000061
311,0.800647,-0.662089,0.000061
327,0.79845,-0.661112,0.000061
342,0.799792,-0.663554,0.000061
358,0.799915,-0.663798,0.000061
374,0.799915,-0.656839,0.000061
389,0.796374,-0.666361,0.000061
405,0.800037,-0.669536,0.000061
421,0.797229,-0.659159,0.000061
436,0.80199,-0.664897,0.000061
452,0.799304,-0.65806,0.000061
467,0.798938,-0.662333,0.000061
483,0.79906,-0.663554,0.000061
499,0.79845,-0.663554,0.000061
514,0.799792,-0.664164,0.000061
530,0.801379,-0.66392,0.000061
546,0.798083,-0.660746,0.000061
572,0.797351,-0.661845,0.000061
588,0.80199,-0.665141,0.000061
604,0.800159,-0.662943,0.000061
619,0.798938,-0.66392,0.000061
635,0.799426,-0.661234,0.000061
650,0.800037,-0.664897,0.000061
666,0.798328,-0.665507,0.000061
682,0.802478,-0.662699,0.000061
697,0.802844,-0.660868,0.000061
713,0.797839,-0.66746,0.000061
728,0.79613,-0.662089,0.000061
744,0.796252,-0.663187,0.000061
760,0.800769,-0.662943,0.000061
775,0.800403,-0.659403,0.000061
791,0.803333,-0.663065,0.000061
807,0.79552,-0.662821,0.000061
822,0.797351,-0.666484,0.000061
838,0.802112,-0.662333,0.000061
854,0.801624,-0.662577,0.000061
869,0.802112,-0.662699,0.000061
885,0.801746,-0.659647,0.000061
900,0.798938,-0.662821,0.000061
916,0.79906,-0.664408,0.000061
932,0.800403,-0.659525,0.000061
947,0.800647,-0.662821,0.000061
963,0.803333,-0.665141,0.000061
978,0.798938,-0.666972,0.000061
994,0.803821,-0.664408,0.000061
1010,0.798694,-0.664286,0.000061
1026,0.802966,-0.663432,0.000061
1041,0.793811,-0.662211,0.000061
1057,0.805652,-0.662699,0.000061
1072,0.80199,-0.660502,0.000061
1088,0.797595,-0.6616,0.000061
1104,0.801624,-0.66099,0.000061
1119,0.799915,-0.665385,0.000061
1135,0.799426,-0.660624,0.000061
1150,0.797961,-0.661845,0.000061
1166,0.801257,-0.66453,0.000061
1183,0.80199,-0.660868,0.000061
1197,0.801746,-0.661967,0.000061
1213,0.801868,-0.663798,0.000061
1229,0.799548,-0.661723,0.000061
1244,0.79552,-0.662577,0.000061
1260,0.804431,-0.662089,0.000061
1275,0.798205,-0.664408,0.000061
1291,0.806141,-0.664652,0.000061
1307,0.799915,-0.662089,0.000061
1322,0.796863,-0.662821,0.000061
1338,0.796496,-0.662333,0.000061
1354,0.801502,-0.660868,0.000061
1369,0.797595,-0.662821,0.000061
1385,0.801135,-0.663432,0.000061
1400,0.79845,-0.662943,0.000061
1416,0.799548,-0.664286,0.000061
1432,0.799426,-0.661845,0.000061
1447,0.801135,-0.661845,0.000061
1463,0.79906,-0.665141,0.000061
1478,0.796741,-0.660746,0.000061
1494,0.800647,-0.662089,0.000061
1510,0.799426,-0.661967,0.000061
1525,0.80199,-0.666239,0.000061
1541,0.797229,-0.659647,0.000061
1557,0.800647,-0.664774,0.000061
1572,0.797961,-0.664897,0.000061
1588,0.800159,-0.663798,0.000061
1604,0.800037,-0.664164,0.000061
1619,0.798938,-0.660746,0.000061
1635,0.802478,-0.66099,0.000061
1650,0.798694,-0.659769,0.000061
1666,0.801013,-0.664408,0.000061
1682,0.79845,-0.663432,0.000061
1697,0.804431,-0.663432,0.000061
1713,0.796618,-0.662943,0.000061
1729,0.802234,-0.661356,0.000061
1744,0.798328,-0.662455,0.000061
1760,0.797229,-0.663187,0.000061
1775,0.801624,-0.664652,0.000061
1791,0.802966,-0.661112,0.000061
1807,0.798572,-0.662943,0.000061
1822,0.803455,-0.665141,0.000061
1838,0.799426,-0.662821,0.000061
1854,0.797473,-0.66099,0.000061
1869,0.80199,-0.664042,0.000061
1885,0.800403,-0.662699,0.000061
1900,0.79967,-0.662943,0.000061
1916,0.797229,-0.663187,0.000061
1932,0.801135,-0.662211,0.000061
1947,0.801379,-0.662821,0.000061
1963,0.798083,-0.667094,0.000061
1978,0.800281,-0.665263,0.000061
1994,0.799915,-0.66392,0.000061
2010,0.802112,-0.661478,0.000061
2025,0.796252,-0.661967,0.000061
2041,0.800159,-0.663676,0.000061
2057,0.800891,-0.661967,0.000061
2072,0.798328,-0.660746,0.000061
2088,0.798938,-0.666606,0.000061
2104,0.798328,-0.659403,0.000061
2119,0.798694,-0.66331,0.000061
2135,0.802234,-0.661967,0.000061
2150,0.803211,-0.660746,0.000061
2166,0.797473,-0.6616,0.000061
2183,0.801257,-0.664897,0.000061
2197,0.799182,-0.662211,0.000061
2213,0.799792,-0.662577,0.000061
2228,0.8026,-0.661967,0.000061
2244,0.799304,-0.663554,0.000061
2260,0.802112,-0.661478,0.000061
2275,0.799304,-0.663065,0.000061
2291,0.802112,-0.66392,0.000061
2307,0.799915,-0.663065,0.000061
2323,0.799182,-0.663432,0.000061
2338,0.798083,-0.66331,0.000061
2353,0.799915,-0.657206,0.000061
2369,0.798694,-0.66331,0.000061
2385,0.799182,-0.661356,0.000061
2400,0.800159,-0.662821,0.000061
2416,0.801379,-0.662211,0.000061
2432,0.797839,-0.662577,0.000061
2447,0.799182,-0.663187,0.000061
2463,0.805042,-0.666361,0.000061
2478,0.792834,-0.663432,0.000061
2494,0.801013,-0.664042,0.000061
2510,0.802722,-0.658793,0.000061
2525,0.803211,-0.666239,0.000061
2541,0.796618,-0.660013,0.000061
2557,0.804676,-0.662699,0.000061
2573,0.793689,-0.660258,0.000061
2588,0.804798,-0.665019,0.000061
2604,0.799304,-0.657816,0.000061
2619,0.8026,-0.662333,0.000061
2635,0.79613,-0.663676,0.000061
2650,0.797717,-0.66331,0.000061
2666,0.800525,-0.661112,0.000061
2682,0.799426,-0.659159,0.000061
2697,0.799915,-0.663187,0.000061
2713,0.801257,-0.662333,0.000061
2729,0.801135,-0.66331,0.000061
2744,0.797839,-0.660013,0.000061
2760,0.801502,-0.664652,0.000061
2775,0.800281,-0.659525,0.000061
2791,0.799548,-0.661723,0.000061
2807,0.800525,-0.660624,0.000061
2822,0.800403,-0.662089,0.000061
2838,0.799304,-0.660624,0.000061
2853,0.798694,-0.664774,0.000061
2869,0.800159,-0.6616,0.000061
2885,0.796741,-0.665019,0.000061
2900,0.799548,-0.664897,0.000061
2916,0.796863,-0.665507,0.000061
2932,0.79967,-0.662089,0.000061
2947,0.804187,-0.659281,0.000061
2963,0.797351,-0.660136,0.000061
2978,0.802356,-0.666117,0.000061
2994,0.795764,-0.660013,0.000061
3010,0.805286,-0.66392,0.000061
3025,0.796618,-0.658793,0.000061
3041,0.803333,-0.666484,0.000061
3057,0.794055,-0.66099,0.000061
3072,0.800037,-0.668437,0.000061
3088,0.798694,-0.663065,0.000061
3103,0.800037,-0.661356,0.000061
3119,0.801257,-0.662455,0.000061
3135,0.799182,-0.661845,0.000061
3150,0.79967,-0.661356,0.000061
3166,0.800525,-0.660136,0.000061
3182,0.80199,-0.660746,0.000061
3197,0.79967,-0.659159,0.000061
3213,0.802356,-0.662577,0.000061
3229,0.795886,-0.659769,0.000061
3244,0.803821,-0.662211,0.000061
3260,0.800891,-0.659525,0.000061
3275,0.801379,-0.664042,0.000061
3291,0.799304,-0.663554,0.000061
3307,0.800647,-0.658793,0.000061
3322,0.802234,-0.659647,0.000061
3338,0.800403,-0.665141,0.000061
3354,0.797839,-0.658548,0.000061
3369,0.798938,-0.660258,0.000061
3385,0.802356,-0.66392,0.000061
3400,0.800647,-0.659891,0.000061
3416,0.801502,-0.6616,0.000061
3432,0.797473,-0.662089,0.000061
3447,0.811024,-0.675395,0.000061
3463,0.79906,-0.659525,0.000061
3478,0.797717,-0.664042,0.000061
3494,0.800403,-0.665263,0.000061
3510,0.798694,-0.662333,0.000061
3525,0.797107,-0.660502,0.000061
3541,0.795642,-0.663432,0.000061
3557,0.800159,-0.66685,0.000061
3572,0.800769,-0.659769,0.000061
3588,0.797107,-0.664042,0.000061
3604,0.800037,-0.660258,0.000061
3619,0.801746,-0.66685,0.000061
3635,0.795886,-0.658915,0.000061
3650,0.803577,-0.66978,0.000061
3666,0.795886,-0.660136,0.000061
3682,0.80492,-0.6616,0.000061
3697,0.795642,-0.664652,0.000061
3713,0.800647,-0.666361,0.000061
3729,0.802234,-0.665141,0.000061
3744,0.797351,-0.656473,0.000061
3760,0.795886,-0.654276,0.000061
3775,0.809192,-0.671245,0.000061
3791,0.809681,-0.668803,0.000061
3807,0.791125,-0.656473,0.000061
3822,0.79967,-0.663432,0.000061
3838,0.806873,-0.665263,0.000061
3854,0.791369,-0.660502,0.000061
3869,0.799304,-0.665751,0.000061
3885,0.803821,-0.665263,0.000061
3900,0.803089,-0.660746,0.000061
3916,0.799548,-0.664652,0.000061
3932,0.801868,-0.661845,0.000061
3947,0.799548,-0.665873,0.000061
3963,0.803455,-0.66392,0.000061
3978,0.794421,-0.660868,0.000061
3994,0.80492,-0.667094,0.000061
4010,0.79613,-0.662089,0.000061
4025,0.801379,-0.664897,0.000061
4041,0.801502,-0.657206,0.000061
4057,0.801868,-0.664652,0.000061
4072,0.798083,-0.662943,0.000061
4088,0.802234,-0.666361,0.000061
4104,0.800037,-0.659525,0.000061
4119,0.800159,-0.663065,0.000061
4135,0.79259,-0.652078,0.000061
4150,0.808338,-0.673198,0.000061
4166,0.798328,-0.658426,0.000061
4183,0.797961,-0.659769,0.000061
4197,0.797473,-0.661478,0.000061
4213,0.803089,-0.663065,0.000061
4229,0.801746,-0.66331,0.000061
4244,0.800037,-0.662333,0.000061
4260,0.799304,-0.659403,0.000061
4275,0.806629,-0.662699,0.000061
4291,0.797229,-0.660868,0.000061
4307,0.797839,-0.664897,0.000061
4322,0.793078,-0.66038,0.000061
4338,0.801624,-0.664897,0.000061
4353,0.797839,-0.662577,0.000061
4369,0.803821,-0.664042,0.000061
4385,0.798694,-0.661356,0.000061
4400,0.798938,-0.664408,0.000061
4416,0.797839,-0.661723,0.000061
4432,0.801502,-0.660868,0.000061
4447,0.801135,-0.666117,0.000061
4463,0.803699,-0.666484,0.000061
4478,0.79845,-0.658548,0.000061
4494,0.801868,-0.663554,0.000061
4510,0.79906,-0.665507,0.000061
4525,0.804798,-0.664286,0.000061
4541,0.799426,-0.661478,0.000061
4557,0.799426,-0.666117,0.000061
4572,0.802112,-0.664652,0.000061
4588,0.8026,-0.662821,0.000061
4604,0.802478,-0.666117,0.000061
4619,0.796863,-0.662333,0.000061
4635,0.79906,-0.663676,0.000061
4650,0.800891,-0.665141,0.000061
4666,0.797229,-0.662821,0.000061
4682,0.802844,-0.661845,0.000061
4697,0.801746,-0.664042,0.000061
4713,0.800281,-0.661723,0.000061
4729,0.801135,-0.662821,0.000061
4744,0.801746,-0.661845,0.000061
4760,0.799304,-0.66331,0.000061
4775,0.799792,-0.660136,0.000061
4792,0.80199,-0.6616,0.000061
4807,0.800647,-0.666239,0.000061
4822,0.798572,-0.663187,0.000061
4838,0.80199,-0.660746,0.000061
4854,0.798938,-0.661234,0.000061
4869,0.799182,-0.665873,0.000061
4885,0.797717,-0.661112,0.000061
4900,0.798205,-0.662699,0.000061
4916,0.800159,-0.659281,0.000061
4932,0.801868,-0.663187,0.000061
4947,0.79967,-0.66099,0.000061
4963,0.802234,-0.662577,0.000061
4978,0.796863,-0.660868,0.000061
4994,0.800037,-0.663432,0.000061
5010,0.802234,-0.665019,0.000061
5025,0.802356,-0.66331,0.000061
5041,0.800769,-0.657816,0.000061
5057,0.802356,-0.664774,0.000061
5072,0.793933,-0.661723,0.000061
5088,0.798205,-0.658671,0.000061
5104,0.804187,-0.66331,0.000061
5119,0.802356,-0.661478,0.000061
5135,0.803211,-0.663187,0.000061
5150,0.799792,-0.664286,0.000061
5166,0.801746,-0.662577,0.000061
5183,0.802478,-0.662333,0.000061
5197,0.79967,-0.663065,0.000061
5213,0.804431,-0.664408,0.000061
5229,0.800159,-0.664652,0.000061
5244,0.801135,-0.664774,0.000061
5260,0.80199,-0.66453,0.000061
5275,0.801746,-0.664286,0.000061
5291,0.799182,-0.662577,0.000061
5307,0.800769,-0.66392,0.000061
5322,0.796374,-0.664897,0.000061
5338,0.800037,-0.663554,0.000061
5354,0.800403,-0.661234,0.000061
5369,0.800769,-0.664897,0.000061
5385,0.796252,-0.660746,0.000061
5400,0.800037,-0.664286,0.000061
5416,0.798572,-0.662333,0.000061
5432,0.798816,-0.659769,0.000061
5447,0.802478,-0.664408,0.000061
5463,0.797229,-0.66099,0.000061
5478,0.799426,-0.663065,0.000061
5494,0.797717,-0.66099,0.000061
5510,0.795764,-0.664897,0.000061
5525,0.798083,-0.660624,0.000061
5541,0.801868,-0.664042,0.000061
5557,0.804431,-0.663676,0.000061
5572,0.799915,-0.663065,0.000061
5588,0.797961,-0.66099,0.000061
5603,0.801746,-0.659647,0.000061
5619,0.796985,-0.665751,0.000061
5635,0.801868,-0.664042,0.000061
5650,0.799426,-0.662577,0.000061
5666,0.802234,-0.665995,0.000061
5682,0.794909,-0.663065,0.000061
5697,0.799548,-0.66392,0.000061
5713,0.803577,-0.662699,0.000061
5729,0.797107,-0.659281,0.000061
5744,0.803943,-0.662455,0.000061
5760,0.797351,-0.662821,0.000061
5775,0.801502,-0.665873,0.000061
5791,0.798816,-0.664652,0.000061
5807,0.800403,-0.663432,0.000061
5822,0.797839,-0.662089,0.000061
5838,0.801746,-0.665507,0.000061
5854,0.799182,-0.662333,0.000061
5869,0.804676,-0.662089,0.000061
5885,0.801379,-0.660746,0.000061
5900,0.798816,-0.6616,0.000061
5916,0.801868,-0.664164,0.000061
5932,0.799915,-0.661112,0.000061
5947,0.800525,-0.660013,0.000061
5963,0.799915,-0.664042,0.000061
5979,0.795886,-0.662211,0.000061
5994,0.799915,-0.6616,0.000061
6010,0.802844,-0.660746,0.000061
6026,0.800525,-0.663187,0.000061
6041,0.799182,-0.664774,0.000061
6057,0.798694,-0.663065,0.000061
6072,0.799548,-0.66685,0.000061
6088,0.800281,-0.661967,0.000061
6104,0.801135,-0.663065,0.000061
6119,0.798816,-0.6616,0.000061
6135,0.797107,-0.665629,0.000061
6150,0.800525,-0.663065,0.000061
6166,0.797473,-0.663554,0.000061
6184,0.800525,-0.663798,0.000061
6197,0.802478,-0.662211,0.000061
6213,0.801135,-0.664774,0.000061
6228,0.800525,-0.662211,0.000061
6244,0.800159,-0.662211,0.000061
6260,0.796863,-0.662699,0.000061
6276,0.797473,-0.664652,0.000061
6291,0.799182,-0.660258,0.000061
6307,0.798083,-0.662089,0.000061
6322,0.800769,-0.662211,0.000061
6338,0.795642,-0.662455,0.000061
6353,0.802234,-0.66392,0.000061
6369,0.799792,-0.658793,0.000061
6385,0.802234,-0.664652,0.000061
6400,0.797961,-0.659647,0.000061
6416,0.804065,-0.66331,0.000061
6432,0.799182,-0.662577,0.000061
6447,0.800525,-0.662821,0.000061
6463,0.799915,-0.661845,0.000061
6478,0.797717,-0.660136,0.000061
6494,0.801746,-0.663798,0.000061
6510,0.801135,-0.66038,0.000061
6525,0.799792,-0.661723,0.000061
6541,0.800403,-0.662821,0.000061
6557,0.802356,-0.661967,0.000061
6572,0.79906,-0.660868,0.000061
6588,0.802722,-0.666361,0.000061
6604,0.798938,-0.664652,0.000061
6619,0.800037,-0.661845,0.000061
6635,0.797961,-0.662821,0.000061
6650,0.801013,-0.662577,0.000061
6666,0.798328,-0.662333,0.000061
6682,0.796863,-0.663798,0.000061
6697,0.800647,-0.663432,0.000061
6713,0.800525,-0.662943,0.000061
6728,0.796008,-0.662333,0.000061
6744,0.797717,-0.664652,0.000061
6760,0.801502,-0.662821,0.000061
6775,0.799304,-0.664042,0.000061
6791,0.798816,-0.66453,0.000061
6807,0.801502,-0.660502,0.000061
6822,0.799182,-0.664042,0.000061
6838,0.797107,-0.660136,0.000061
6854,0.797961,-0.665629,0.000061
6869,0.797961,-0.659891,0.000061
6885,0.79906,-0.663432,0.000061
6900,0.79967,-0.659525,0.000061
6916,0.80492,-0.662821,0.000061
6932,0.80199,-0.665629,0.000061
6947,0.801746,-0.663432,0.000061
6963,0.799426,-0.659891,0.000061
6979,0.800281,-0.660868,0.000061
6994,0.797595,-0.664164,0.000061
7010,0.800159,-0.661112,0.000061
7025,0.800403,-0.662943,0.000061
7041,0.800769,-0.663187,0.000061
7057,0.800891,-0.664897,0.000061
7072,0.800769,-0.664042,0.000061
7088,0.797229,-0.662211,0.000061
7104,0.797473,-0.662455,0.000061
7119,0.799426,-0.661234,0.000061
7135,0.800647,-0.66038,0.000061
7150,0.803455,-0.667948,0.000061
7166,0.803577,-0.664897,0.000061
7183,0.800525,-0.663065,0.000061
7197,0.801257,-0.66392,0.000061
7213,0.800525,-0.661112,0.000061
7228,0.804309,-0.661967,0.000061
7244,0.798572,-0.66099,0.000061
7260,0.803333,-0.6616,0.000061
7275,0.798816,-0.661723,0.000061
7291,0.801624,-0.663065,0.000061
7307,0.79845,-0.66453,0.000061
7322,0.796863,-0.663554,0.000061
7338,0.802112,-0.661234,0.000061
7354,0.801379,-0.663676,0.000061
7369,0.800525,-0.662455,0.000061
7385,0.800891,-0.666239,0.000061
7400,0.801013,-0.663065,0.000061
7416,0.800525,-0.66331,0.000061
7432,0.799182,-0.662455,0.000061
7447,0.79845,-0.663432,0.000061
7463,0.798205,-0.659769,0.000061
7479,0.798205,-0.662089,0.000061
7494,0.804676,-0.664286,0.000061
7510,0.800647,-0.66038,0.000061
7525,0.8026,-0.6616,0.000061
7541,0.79845,-0.661845,0.000061
7557,0.798205,-0.659403,0.000061
7572,0.8026,-0.662821,0.000061
7588,0.802112,-0.662333,0.000061
7604,0.799304,-0.661845,0.000061
7619,0.79967,-0.659525,0.000061
7635,0.8026,-0.664286,0.000061
7650,0.800647,-0.663187,0.000061
7666,0.802356,-0.664042,0.000061
7682,0.799915,-0.661356,0.000061
7697,0.797473,-0.664286,0.000061
7713,0.800891,-0.664897,0.000061
7728,0.800403,-0.665263,0.000061
7744,0.79967,-0.6616,0.000061
7760,0.80199,-0.664286,0.000061
7775,0.799182,-0.660502,0.000061
7791,0.804187,-0.663798,0.000061
7807,0.798816,-0.662821,0.000061
7822,0.801135,-0.656839,0.000061
7838,0.802112,-0.662333,0.000061
7854,0.804554,-0.662577,0.000061
7869,0.794787,-0.660502,0.000061
7885,0.799426,-0.66392,0.000061
7900,0.801135,-0.664286,0.000061
7916,0.799182,-0.664408,0.000061
7932,0.799792,-0.665995,0.000061
7947,0.798205,-0.662821,0.000061
7963,0.802966,-0.662577,0.000061
7978,0.798938,-0.666361,0.000061
7994,0.798694,-0.663432,0.000061
8010,0.796374,-0.663065,0.000061
8025,0.796374,-0.662699,0.000061
8041,0.797595,-0.66453,0.000061
8057,0.800159,-0.665385,0.000061
8072,0.79967,-0.659159,0.000061
8088,0.798205,-0.662943,0.000061
8104,0.80492,-0.662577,0.000061
8119,0.800647,-0.659891,0.000061
8135,0.801502,-0.665507,0.000061
8150,0.799792,-0.664164,0.000061
8166,0.803943,-0.664286,0.000061
8183,0.797717,-0.662455,0.000061
8197,0.803455,-0.666117,0.000061
8213,0.798938,-0.6616,0.000061
8228,0.801624,-0.66331,0.000061
8244,0.797107,-0.663676,0.000061
8260,0.800281,-0.665385,0.000061
8275,0.798938,-0.659403,0.000061
8291,0.79845,-0.661112,0.000061
8307,0.799792,-0.662577,0.000061
8322,0.799548,-0.662699,0.000061
8338,0.801135,-0.665263,0.000061
8353,0.801624,-0.663432,0.000061
8369,0.794909,-0.661967,0.000061
8385,0.79967,-0.662089,0.000061
8400,0.799426,-0.668193,0.000061
8416,0.800891,-0.662943,0.000061
8432,0.797595,-0.661967,0.000061
8447,0.798694,-0.662333,0.000061
8464,0.796985,-0.663676,0.000061
8478,0.800159,-0.661723,0.000061
8495,0.798816,-0.661234,0.000061
8510,0.799915,-0.663432,0.000061
8525,0.801135,-0.663554,0.000061
8541,0.79967,-0.662577,0.000061
8557,0.797839,-0.659647,0.000061
8572,0.8026,-0.662943,0.000061
8588,0.799426,-0.661112,0.000061
8604,0.800891,-0.664897,0.000061
8619,0.801013,-0.660746,0.000061
8635,0.797839,-0.66099,0.000061
8650,0.799426,-0.6616,0.000061
8666,0.801868,-0.664774,0.000061
8682,0.800525,-0.660258,0.000061
8697,0.800647,-0.662455,0.000061
8713,0.800525,-0.666361,0.000061
8728,0.796741,-0.6616,0.000061
8745,0.801257,-0.663798,0.000061
8760,0.801257,-0.662577,0.000061
8775,0.79845,-0.664774,0.000061
8791,0.800037,-0.660136,0.000061
8807,0.797839,-0.66392,0.000061
8822,0.798816,-0.661234,0.000061
8838,0.801013,-0.661478,0.000061
8854,0.801868,-0.662699,0.000061
8869,0.801257,-0.665629,0.000061
8885,0.796618,-0.663554,0.000061
8900,0.800037,-0.663798,0.000061
8916,0.797229,-0.66453,0.000061
8932,0.79613,-0.659525,0.000061
8947,0.800891,-0.660013,0.000061
8963,0.801746,-0.667094,0.000061
8978,0.803699,-0.662455,0.000061
8994,0.797229,-0.660502,0.000061
9010,0.800159,-0.664286,0.000061
9025,0.79845,-0.667582,0.000061
9041,0.797961,-0.66331,0.000061
9057,0.799792,-0.6616,0.000061
9072,0.798205,-0.659403,0.000061
9088,0.796741,-0.664897,0.000061
9104,0.801868,-0.666484,0.000061
9119,0.797961,-0.664652,0.000061
9135,0.798205,-0.661234,0.000061
9150,0.801257,-0.66392,0.000061
9166,0.803089,-0.665019,0.000061
9183,0.79906,-0.663676,0.000061
9197,0.799304,-0.659769,0.000061
9213,0.799915,-0.664897,0.000061
9228,0.800281,-0.66453,0.000061
9244,0.802844,-0.663798,0.000061
9260,0.79967,-0.662089,0.000061
9275,0.80553,-0.662699,0.000061
9291,0.799426,-0.660624,0.000061
9307,0.799792,-0.665263,0.000061
9322,0.798816,-0.662943,0.000061
9338,0.79906,-0.66099,0.000061
9354,0.800159,-0.665141,0.000061
9369,0.797229,-0.660624,0.000061
9385,0.799548,-0.663554,0.000061
9400,0.800403,-0.661356,0.000061
9416,0.800647,-0.664164,0.000061
9432,0.800037,-0.658182,0.000061
9447,0.802234,-0.664408,0.000061
9463,0.799548,-0.66331,0.000061
9478,0.796863,-0.661112,0.000061
9494,0.797351,-0.660013,0.000061
9510,0.800281,-0.66453,0.000061
9525,0.800159,-0.664042,0.000061
9541,0.796252,-0.663798,0.000061
9557,0.803089,-0.659159,0.000061
9572,0.798694,-0.662089,0.000061
9588,0.800525,-0.659403,0.000061
9604,0.800159,-0.660624,0.000061
9619,0.801624,-0.665751,0.000061
9635,0.800891,-0.660624,0.000061
9650,0.800525,-0.661967,0.000061
9666,0.800281,-0.663676,0.000061
9682,0.799915,-0.662943,0.000061
9697,0.800647,-0.6616,0.000061
9713,0.801257,-0.666728,0.000061
9728,0.801013,-0.660624,0.000061
9744,0.801868,-0.662455,0.000061
9760,0.800769,-0.667094,0.000061
9775,0.798694,-0.6616,0.000061
9791,0.802112,-0.665019,0.000061
9807,0.800281,-0.662821,0.000061
9822,0.798938,-0.6616,0.000061
9838,0.796374,-0.665385,0.000061
9853,0.802966,-0.661845,0.000061
9869,0.799792,-0.662699,0.000061
9885,0.800769,-0.66453,0.000061
9900,0.799792,-0.661723,0.000061
9916,0.800891,-0.664897,0.000061
9932,0.798083,-0.66392,0.000061
9947,0.799915,-0.661356,0.000061
9963,0.799548,-0.66099,0.000061
9978,0.795642,-0.662333,0.000061
9994,0.799792,-0.662943,0.000061
10010,0.800037,-0.663187,0.000061
10025,0.802966,-0.663676,0.000061
10041,0.800403,-0.66099,0.000061
10057,0.799548,-0.664042,0.000061
10072,0.797961,-0.662211,0.000061
10088,0.797961,-0.664042,0.000061
10104,0.799304,-0.661234,0.000061
10119,0.798083,-0.664286,0.000061
10135,0.798205,-0.662943,0.000061
10150,0.802112,-0.662577,0.000061
10166,0.802722,-0.663065,0.000061
10183,0.797839,-0.66331,0.000061
10197,0.801013,-0.660013,0.000061
10213,0.796008,-0.659891,0.000061
10229,0.800647,-0.663065,0.000061
10244,0.80199,-0.664042,0.000061
10260,0.800647,-0.662943,0.000061
10275,0.799915,-0.6616,0.000061
10291,0.800647,-0.666361,0.000061
10307,0.798816,-0.659769,0.000061
10322,0.801379,-0.660258,0.000061
10338,0.800769,-0.664774,0.000061
10353,0.79552,-0.663065,0.000061
10369,0.802234,-0.658426,0.000061
10385,0.799182,-0.660746,0.000061
10400,0.800891,-0.662333,0.000061
10416,0.801746,-0.662577,0.000061
10432,0.801013,-0.665873,0.000061
10447,0.796496,-0.664408,0.000061
10463,0.801746,-0.665141,0.000061
10478,0.799792,-0.665385,0.000061
10494,0.799304,-0.662699,0.000061
10510,0.798083,-0.661967,0.000061
10525,0.797595,-0.660624,0.000061
10541,0.797717,-0.664774,0.000061
10557,0.80199,-0.665385,0.000061
10583,0.799182,-0.666239,0.000061
10599,0.798938,-0.662943,0.000061
10614,0.799792,-0.662577,0.000061
10630,0.802356,-0.661723,0.000061
10645,0.802722,-0.665263,0.000061
10661,0.801868,-0.664897,0.000061
10677,0.800647,-0.661967,0.000061
10692,0.800037,-0.665873,0.000061
10708,0.800647,-0.663065,0.000061
10724,0.801502,-0.659891,0.000061
10739,0.798205,-0.661478,0.000061
10755,0.799792,-0.665019,0.000061
10770,0.798572,-0.659037,0.000061
10786,0.802722,-0.662089,0.000061
10802,0.800769,-0.66331,0.000061
10817,0.798572,-0.66392,0.000061
10833,0.800525,-0.665263,0.000061
10849,0.8026,-0.663432,0.000061
10864,0.799426,-0.662211,0.000061
10880,0.797107,-0.661478,0.000061
10896,0.796618,-0.662455,0.000061
10911,0.796252,-0.661967,0.000061
10927,0.803455,-0.663065,0.000061
10942,0.800403,-0.662821,0.000061
10958,0.797351,-0.662577,0.000061
10974,0.798816,-0.662577,0.000061
10989,0.799426,-0.660258,0.000061
11005,0.800403,-0.661967,0.000061
11020,0.801135,-0.656473,0.000061
11036,0.801257,-0.666361,0.000061
11052,0.796863,-0.660258,0.000061
11067,0.8026,-0.661845,0.000061
11083,0.798205,-0.66038,0.000061
11099,0.798083,-0.664042,0.000061
11114,0.801502,-0.66392,0.000061
11130,0.802722,-0.661845,0.000061
11145,0.797229,-0.661234,0.000061
11161,0.800769,-0.66453,0.000061
11177,0.800281,-0.6616,0.000061
11194,0.800891,-0.659769,0.000061
11208,0.800281,-0.660746,0.000061
11224,0.796008,-0.664652,0.000061
11239,0.804187,-0.664652,0.000061
11255,0.79967,-0.665263,0.000061
11270,0.805774,-0.664408,0.000061
11286,0.795764,-0.659403,0.000061
11302,0.803089,-0.6616,0.000061
11317,0.801746,-0.664897,0.000061
11333,0.803333,-0.664286,0.000061
11349,0.797473,-0.662577,0.000061
11364,0.79613,-0.661723,0.000061
11380,0.800037,-0.660868,0.000061
11395,0.800769,-0.663676,0.000061
11411,0.800647,-0.664164,0.000061
11427,0.799792,-0.664408,0.000061
11442,0.797473,-0.663065,0.000061
11458,0.802478,-0.660624,0.000061
11474,0.799792,-0.66038,0.000061
11489,0.798694,-0.660136,0.000061
11505,0.801135,-0.663187,0.000061
11520,0.788073,-0.660868,0.000061
11536,0.798938,-0.657328,0.000061
11552,0.802356,-0.663554,0.000061
11567,0.798938,-0.669169,0.000061
11583,0.801135,-0.662943,0.000061
11599,0.799915,-0.660868,0.000061
11614,0.796374,-0.660624,0.000061
11630,0.800891,-0.663065,0.000061
11645,0.806141,-0.668437,0.000061
11661,0.798938,-0.660624,0.000061
11677,0.80907,-0.665263,0.000061
11692,0.78966,-0.646585,0.000061
11708,0.809437,-0.675639,0.000061
11724,0.786852,-0.655252,0.000061
11739,0.813954,-0.670024,0.000061
11755,0.792102,-0.657206,0.000061
11770,0.802112,-0.671489,0.000061
11786,0.797717,-0.654764,0.000061
11802,0.802112,-0.662089,0.000061
11817,0.798205,-0.66331,0.000061
11833,0.800281,-0.66038,0.000061
11849,0.798083,-0.664164,0.000061
11864,0.797961,-0.661356,0.000061
11880,0.803211,-0.664408,0.000061
11895,0.800403,-0.661478,0.000061
11911,0.800403,-0.663676,0.000061
11927,0.796863,-0.662333,0.000061
11942,0.799426,-0.66099,0.000061
11958,0.801868,-0.665141,0.000061
11974,0.800891,-0.66453,0.000061
11989,0.802112,-0.663432,0.000061
12005,0.801868,-0.663554,0.000061
12020,0.798205,-0.662577,0.000061
12036,0.797961,-0.661112,0.000061
12052,0.802356,-0.661478,0.000061
12067,0.800769,-0.664286,0.000061
12083,0.804187,-0.66099,0.000061
12099,0.801379,-0.660868,0.000061
12114,0.801257,-0.66392,0.000061
12130,0.799304,-0.664286,0.000061
12145,0.797229,-0.664286,0.000061
12161,0.800647,-0.662821,0.000061
12177,0.803455,-0.663798,0.000061
12194,0.802844,-0.6616,0.000061
12208,0.802356,-0.660868,0.000061
12224,0.795886,-0.665019,0.000061
12239,0.802844,-0.662821,0.000061
12255,0.800403,-0.663065,0.000061
12270,0.800281,-0.664774,0.000061
12286,0.799548,-0.662577,0.000061
12302,0.801379,-0.659891,0.000061
12317,0.799182,-0.661845,0.000061
12333,0.798572,-0.662333,0.000061
12349,0.801624,-0.66453,0.000061
12364,0.800159,-0.660868,0.000061
12380,0.801135,-0.661723,0.000061
12395,0.799182,-0.658671,0.000061
12411,0.797961,-0.662821,0.000061
12427,0.797351,-0.662455,0.000061
12442,0.798572,-0.663432,0.000061
12458,0.799304,-0.662699,0.000061
12474,0.800769,-0.666239,0.000061
12489,0.79906,-0.664652,0.000061
12505,0.804309,-0.660624,0.000061
12520,0.803333,-0.661723,0.000061
12536,0.805164,-0.662211,0.000061
12552,0.800403,-0.660502,0.000061
12567,0.796863,-0.66099,0.000061
12583,0.798328,-0.659647,0.000061
12599,0.799915,-0.661234,0.000061
12614,0.799915,-0.664408,0.000061
12630,0.800037,-0.665873,0.000061
12645,0.800037,-0.662821,0.000061
12661,0.797839,-0.663676,0.000061
12677,0.804798,-0.665263,0.000061
12692,0.801746,-0.660868,0.000061
12708,0.801257,-0.663676,0.000061
12724,0.798938,-0.663798,0.000061
12739,0.800525,-0.660746,0.000061
12755,0.797839,-0.660502,0.000061
12770,0.797961,-0.662821,0.000061
12786,0.800647,-0.665507,0.000061
12802,0.79845,-0.658548,0.000061
12817,0.798816,-0.665385,0.000061
12833,0.797595,-0.663187,0.000061
12849,0.80199,-0.662455,0.000061
12864,0.803455,-0.662943,0.000061
12880,0.795398,-0.66685,0.000061
12896,0.801502,-0.660136,0.000061
12911,0.8026,-0.660868,0.000061
12927,0.800769,-0.666239,0.000061
12942,0.799426,-0.661967,0.000061
12958,0.801379,-0.664652,0.000061
12974,0.804187,-0.662211,0.000061
12989,0.797351,-0.666606,0.000061
13005,0.796863,-0.659525,0.000061
13020,0.797473,-0.66746,0.000061
13036,0.795642,-0.662211,0.000061
13052,0.796741,-0.661967,0.000061
13067,0.798205,-0.662211,0.000061
13083,0.800281,-0.664042,0.000061
13099,0.797107,-0.6616,0.000061
13114,0.799304,-0.662455,0.000061
13130,0.796252,-0.66099,0.000061
13145,0.800769,-0.663187,0.000061
13161,0.803333,-0.659525,0.000061
13177,0.803211,-0.661845,0.000061
13194,0.802478,-0.661723,0.000061
13208,0.799915,-0.663554,0.000061
13224,0.797473,-0.665141,0.000061
13239,0.796985,-0.660258,0.000061
13255,0.801624,-0.662211,0.000061
13270,0.798083,-0.662211,0.000061
13286,0.801257,-0.665263,0.000061
13302,0.800281,-0.663187,0.000061
13317,0.801257,-0.661845,0.000061
13333,0.80199,-0.66331,0.000061
13349,0.800891,-0.6616,0.000061
13364,0.801257,-0.665385,0.000061
13380,0.797229,-0.661723,0.000061
13395,0.806141,-0.660624,0.000061
13411,0.796374,-0.659281,0.000061
13427,0.803089,-0.661478,0.000061
13442,0.799792,-0.665019,0.000061
13458,0.800647,-0.66453,0.000061
13474,0.799548,-0.661478,0.000061
13489,0.800525,-0.662333,0.000061
13505,0.796374,-0.661234,0.000061
13520,0.799304,-0.666239,0.000061
13536,0.798205,-0.664652,0.000061
13552,0.797473,-0.656351,0.000061
13567,0.804431,-0.664774,0.000061
13583,0.800647,-0.662333,0.000061
13599,0.801746,-0.661967,0.000061
13614,0.798083,-0.658793,0.000061
13630,0.799915,-0.66392,0.000061
13645,0.799548,-0.658304,0.000061
13661,0.801257,-0.662699,0.000061
13677,0.798572,-0.659525,0.000061
13692,0.796618,-0.661356,0.000061
13708,0.801013,-0.664774,0.000061
13724,0.801502,-0.660868,0.000061
13739,0.793444,-0.665507,0.000061
13755,0.796741,-0.662699,0.000061
13770,0.800403,-0.661723,0.000061
13786,0.803943,-0.665385,0.000061
13802,0.795886,-0.661478,0.000061
13817,0.798938,-0.658793,0.000061
13833,0.801868,-0.659647,0.000061
13848,0.801013,-0.658304,0.000061
13864,0.800403,-0.66331,0.000061
13880,0.795398,-0.664164,0.000061
13895,0.796985,-0.667948,0.000061
13911,0.798205,-0.66099,0.000061
13927,0.79845,-0.662821,0.000061
13942,0.799426,-0.663065,0.000061
13958,0.800525,-0.662943,0.000061
13974,0.798328,-0.662333,0.000061
13989,0.801013,-0.662821,0.000061
14005,0.799548,-0.664652,0.000061
14020,0.800281,-0.659159,0.000061
14036,0.801502,-0.664164,0.000061
14052,0.801013,-0.659891,0.000061
14067,0.801257,-0.658915,0.000061
14083,0.802722,-0.661967,0.000061
14099,0.799426,-0.665263,0.000061
14114,0.799182,-0.66038,0.000061
14130,0.801746,-0.66038,0.000061
14145,0.796496,-0.661112,0.000061
14161,0.802478,-0.665873,0.000061
14177,0.800891,-0.661723,0.000061
14194,0.798083,-0.66331,0.000061
14208,0.800403,-0.665629,0.000061
14224,0.80199,-0.662699,0.000061
14239,0.799548,-0.664652,0.000061
14255,0.797961,-0.663432,0.000061
14270,0.799548,-0.66331,0.000061
14286,0.800891,-0.659403,0.000061
14302,0.800159,-0.665385,0.000061
14318,0.798083,-0.662211,0.000061
14333,0.801013,-0.662821,0.000061
14349,0.800403,-0.66392,0.000061
14364,0.798572,-0.667094,0.000061
14380,0.800281,-0.663798,0.000061
14395,0.799915,-0.66392,0.000061
14411,0.799792,-0.662333,0.000061
14427,0.802478,-0.66038,0.000061
14442,0.79967,-0.661478,0.000061
14458,0.798816,-0.662211,0.000061
14474,0.800403,-0.660258,0.000061
14489,0.804065,-0.661234,0.000061
14505,0.801013,-0.665507,0.000061
14520,0.797595,-0.658915,0.000061
14536,0.801257,-0.665263,0.000061
14552,0.797107,-0.6616,0.000061
14567,0.804554,-0.666728,0.000061
14583,0.79967,-0.661478,0.000061
14599,0.798694,-0.66331,0.000061
14614,0.800037,-0.66038,0.000061
14630,0.800281,-0.662455,0.000061
14645,0.79906,-0.659281,0.000061
14661,0.796618,-0.6616,0.000061
14677,0.804431,-0.660868,0.000061
14692,0.798205,-0.663798,0.000061
14708,0.799915,-0.662333,0.000061
14724,0.800525,-0.66453,0.000061
14739,0.801624,-0.664774,0.000061
14755,0.79613,-0.660624,0.000061
14770,0.800891,-0.664042,0.000061
14786,0.798938,-0.661356,0.000061
14802,0.800403,-0.661356,0.000061
14817,0.798694,-0.66392,0.000061
14833,0.79845,-0.664164,0.000061
14849,0.803577,-0.661112,0.000061
14864,0.798328,-0.659647,0.000061
14880,0.802844,-0.662943,0.000061
14895,0.797351,-0.665263,0.000061
14911,0.80492,-0.665141,0.000061
14927,0.800891,-0.660746,0.000061
14942,0.801135,-0.66453,0.000061
14958,0.801135,-0.662943,0.000061
14974,0.8026,-0.66453,0.000061
14989,0.803699,-0.660746,0.000061
15005,0.80492,-0.663065,0.000061
15020,0.79906,-0.662333,0.000061
15036,0.802722,-0.661478,0.000061
15052,0.799915,-0.666484,0.000061
15067,0.798572,-0.663187,0.000061
15083,0.802844,-0.665995,0.000061
15099,0.799548,-0.660136,0.000061
15114,0.79906,-0.665141,0.000061
15130,0.79906,-0.661845,0.000061
15145,0.799182,-0.665385,0.000061
15161,0.800037,-0.664408,0.000061
15177,0.799426,-0.664408,0.000061
15194,0.800403,-0.662211,0.000061
15208,0.801502,-0.662211,0.000061
15224,0.801257,-0.66453,0.000061
15239,0.79967,-0.660746,0.000061
15255,0.798694,-0.664774,0.000061
15270,0.799548,-0.666239,0.000061
15286,0.798694,-0.660624,0.000061
15302,0.798328,-0.663798,0.000061
15317,0.803089,-0.662089,0.000061
15333,0.797961,-0.664042,0.000061
15349,0.798938,-0.661967,0.000061
15364,0.800769,-0.662211,0.000061
15380,0.800403,-0.662089,0.000061
15395,0.801502,-0.664286,0.000061
15411,0.800769,-0.662943,0.000061
15427,0.797717,-0.662455,0.000061
15442,0.803821,-0.662211,0.000061
15458,0.802112,-0.664774,0.000061
15474,0.797839,-0.663676,0.000061
15489,0.799304,-0.661356,0.000061
15505,0.800403,-0.663432,0.000061
15520,0.796252,-0.659891,0.000061
15536,0.801868,-0.663798,0.000061
15552,0.796374,-0.664042,0.000061
15567,0.798083,-0.662455,0.000061
15583,0.79906,-0.663676,0.000061
15599,0.797107,-0.661845,0.000061
15614,0.803211,-0.665995,0.000061
15630,0.794665,-0.661112,0.000061
15645,0.79967,-0.6616,0.000061
15661,0.797595,-0.665507,0.000061
15677,0.797961,-0.661356,0.000061
15692,0.799548,-0.661723,0.000061
15708,0.798083,-0.663187,0.000061
15724,0.80199,-0.663065,0.000061
15739,0.799304,-0.664164,0.000061
15755,0.800525,-0.662211,0.000061
15770,0.800159,-0.666484,0.000061
15786,0.800403,-0.661112,0.000061
15802,0.799304,-0.660624,0.000061
15817,0.798083,-0.662699,0.000061
15833,0.797473,-0.664774,0.000061
15849,0.802844,-0.662089,0.000061
15864,0.800159,-0.664652,0.000061
15880,0.79845,-0.659159,0.000061
15895,0.797717,-0.662455,0.000061
15911,0.797839,-0.660868,0.000061
15927,0.798816,-0.659403,0.000061
15942,0.797839,-0.664042,0.000061
15958,0.800891,-0.665019,0.000061
15974,0.796496,-0.663798,0.000061
15989,0.802722,-0.661478,0.000061
16005,0.799915,-0.659891,0.000061
16020,0.798205,-0.662089,0.000061
16036,0.802234,-0.662333,0.000061
16052,0.801379,-0.660624,0.000061
16067,0.803943,-0.66331,0.000061
16083,0.800525,-0.664164,0.000061
16099,0.796496,-0.662821,0.000061
16114,0.798572,-0.664652,0.000061
16130,0.8026,-0.66331,0.000061
16145,0.800647,-0.661112,0.000061
16161,0.802356,-0.661478,0.000061
16177,0.801135,-0.660502,0.000061
16194,0.800037,-0.661967,0.000061
16208,0.801257,-0.661234,0.000061
16224,0.798328,-0.666117,0.000061
16239,0.801013,-0.66038,0.000061
16255,0.796985,-0.664652,0.000061
16270,0.801013,-0.662699,0.000061
16286,0.800525,-0.662821,0.000061
16302,0.798938,-0.663065,0.000061
16317,0.79845,-0.662699,0.000061
16333,0.8026,-0.665263,0.000061
16349,0.803577,-0.659037,0.000061
16364,0.800525,-0.663432,0.000061
16380,0.797717,-0.662943,0.000061
16395,0.802112,-0.663432,0.000061
16411,0.798083,-0.661356,0.000061
16427,0.796374,-0.662943,0.000061
16442,0.797595,-0.662821,0.000061
16458,0.8026,-0.662943,0.000061
16474,0.800037,-0.661478,0.000061
16489,0.79845,-0.662943,0.000061
16505,0.801257,-0.661356,0.000061
16520,0.801502,-0.665263,0.000061
16536,0.801013,-0.663798,0.000061
16552,0.803089,-0.662943,0.000061
16567,0.797229,-0.662455,0.000061
16583,0.798328,-0.661112,0.000061
16599,0.801257,-0.660868,0.000061
16614,0.799426,-0.661234,0.000061
16630,0.803211,-0.664652,0.000061
16645,0.797473,-0.665263,0.000061
16661,0.801624,-0.659525,0.000061
16677,0.802478,-0.659891,0.000061
16692,0.801624,-0.661112,0.000061
16708,0.798205,-0.663554,0.000061
16724,0.798816,-0.660136,0.000061
16739,0.800159,-0.659891,0.000061
16755,0.79613,-0.661356,0.000061
16770,0.801257,-0.662455,0.000061
16786,0.8026,-0.662211,0.000061
16802,0.798083,-0.661234,0.000061
16817,0.800159,-0.661234,0.000061
16833,0.800769,-0.66038,0.000061
16849,0.800647,-0.664774,0.000061
16864,0.799304,-0.665629,0.000061
16880,0.801135,-0.661234,0.000061
16895,0.799915,-0.661723,0.000061
16911,0.79845,-0.660013,0.000061
16927,0.800403,-0.663798,0.000061
16942,0.79967,-0.662211,0.000061
16958,0.805286,-0.662089,0.000061
16974,0.801013,-0.660258,0.000061
16989,0.798205,-0.665019,0.000061
17005,0.799182,-0.659647,0.000061
17020,0.79906,-0.662821,0.000061
17036,0.799304,-0.663065,0.000061
17052,0.800891,-0.658548,0.000061
17067,0.79967,-0.662211,0.000061
17083,0.803821,-0.664286,0.000061
17099,0.796252,-0.664408,0.000061
17114,0.799792,-0.662089,0.000061
17130,0.80199,-0.665263,0.000061
17145,0.802356,-0.663554,0.000061
17161,0.797229,-0.66392,0.000061
17177,0.800281,-0.658304,0.000061
17194,0.799304,-0.660013,0.000061
17208,0.801502,-0.664164,0.000061
17224,0.800281,-0.660624,0.000061
17239,0.801746,-0.66453,0.000061
17255,0.79613,-0.663554,0.000061
17270,0.801013,-0.665507,0.000061
17286,0.798816,-0.666606,0.000061
17302,0.801624,-0.66453,0.000061
17317,0.799548,-0.66038,0.000061
17333,0.801868,-0.665507,0.000061
17349,0.799915,-0.664897,0.000061
17364,0.798572,-0.664652,0.000061
17380,0.801502,-0.66392,0.000061
17396,0.796374,-0.66392,0.000061
17411,0.801502,-0.66453,0.000061
17427,0.800281,-0.661234,0.000061
17442,0.805408,-0.663676,0.000061
17458,0.803089,-0.661478,0.000061
17474,0.801502,-0.665507,0.000061
17489,0.799304,-0.66453,0.000061
17505,0.799304,-0.66099,0.000061
17520,0.800769,-0.664286,0.000061
17536,0.79967,-0.666361,0.000061
17552,0.803455,-0.660746,0.000061
17567,0.796985,-0.662089,0.000061
17583,0.796985,-0.66038,0.000061
17599,0.798572,-0.65745,0.000061
17614,0.801868,-0.662943,0.000061
17630,0.800159,-0.665507,0.000061
17645,0.801379,-0.664652,0.000061
17661,0.801135,-0.66038,0.000061
17677,0.79967,-0.663432,0.000061
17692,0.798328,-0.662089,0.000061
17708,0.798816,-0.664774,0.000061
17724,0.800159,-0.662821,0.000061
17739,0.800403,-0.665629,0.000061
17755,0.799548,-0.662821,0.000061
17770,0.801502,-0.662455,0.000061
17786,0.797595,-0.663187,0.000061
17802,0.799915,-0.665507,0.000061
17817,0.799304,-0.656961,0.000061
17833,0.800159,-0.661478,0.000061
17849,0.797961,-0.659525,0.000061
17864,0.799182,-0.662455,0.000061
17880,0.799915,-0.664774,0.000061
17895,0.803333,-0.660136,0.000061
17911,0.803943,-0.664408,0.000061
17927,0.802112,-0.661234,0.000061
17942,0.79967,-0.663676,0.000061
17958,0.800281,-0.659525,0.000061
17974,0.797229,-0.663432,0.000061
17989,0.800647,-0.66038,0.000061
18005,0.799304,-0.664897,0.000061
18020,0.799304,-0.661723,0.000061
18036,0.801379,-0.668559,0.000061
18052,0.799182,-0.661723,0.000061
18067,0.799548,-0.657572,0.000061
18083,0.800159,-0.66099,0.000061
18099,0.799548,-0.662211,0.000061
18114,0.800159,-0.662943,0.000061
18130,0.800891,-0.660258,0.000061
18145,0.800769,-0.661967,0.000061
18161,0.801624,-0.662211,0.000061
18177,0.800403,-0.661356,0.000061
18194,0.797595,-0.663554,0.000061
18208,0.800403,-0.66685,0.000061
18224,0.796741,-0.660136,0.000061
18239,0.799915,-0.661967,0.000061
18255,0.797595,-0.663065,0.000061
18270,0.799426,-0.6616,0.000061
18286,0.805286,-0.662821,0.000061
18302,0.799792,-0.663065,0.000061
18317,0.796008,-0.657572,0.000061
18333,0.801257,-0.659891,0.000061
18349,0.79613,-0.662943,0.000061
18364,0.800647,-0.661356,0.000061
18380,0.803577,-0.665751,0.000061
18395,0.799915,-0.661234,0.000061
18411,0.802478,-0.66038,0.000061
18427,0.797473,-0.663432,0.000061
18442,0.799915,-0.663554,0.000061
18458,0.798938,-0.662577,0.000061
18474,0.800281,-0.659525,0.000061
18489,0.798083,-0.662089,0.000061
18505,0.802356,-0.66392,0.000061
18520,0.797961,-0.661356,0.000061
18536,0.799915,-0.665507,0.000061
18552,0.803455,-0.665263,0.000061
18567,0.79967,-0.661234,0.000061
18583,0.799915,-0.662577,0.000061
18599,0.798572,-0.664042,0.000061
18614,0.801013,-0.663676,0.000061
18630,0.798938,-0.663554,0.000061
18645,0.805164,-0.665141,0.000061
18661,0.798938,-0.661967,0.000061
18677,0.801379,-0.664652,0.000061
18692,0.800403,-0.661478,0.000061
18708,0.796863,-0.661112,0.000061
18724,0.797839,-0.662821,0.000061
18739,0.80199,-0.661234,0.000061
18755,0.799426,-0.666972,0.000061
18770,0.795153,-0.657938,0.000061
18786,0.802478,-0.663187,0.000061
18802,0.799426,-0.661112,0.000061
18817,0.79967,-0.664042,0.000061
18833,0.798205,-0.659647,0.000061
18849,0.801013,-0.66453,0.000061
18864,0.800037,-0.663432,0.000061
18880,0.8026,-0.662943,0.000061
18895,0.801868,-0.661112,0.000061
18911,0.798816,-0.661112,0.000061
18927,0.801746,-0.660258,0.000061
18942,0.799304,-0.661112,0.000061
18958,0.79967,-0.663798,0.000061
18974,0.800281,-0.662089,0.000061
18989,0.802722,-0.663798,0.000061
19005,0.8026,-0.665263,0.000061
19020,0.802356,-0.66392,0.000061
19036,0.798328,-0.661112,0.000061
19052,0.802356,-0.666361,0.000061
19067,0.796863,-0.663432,0.000061
19083,0.801379,-0.662699,0.000061
19099,0.800403,-0.663187,0.000061
19114,0.800403,-0.662089,0.000061
19130,0.801379,-0.6616,0.000061
19145,0.798938,-0.662089,0.000061
19161,0.801135,-0.663432,0.000061
19177,0.798205,-0.662577,0.000061
19194,0.799182,-0.662455,0.000061
19208,0.801135,-0.660013,0.000061
19224,0.802356,-0.665019,0.000061
19239,0.798694,-0.660013,0.000061
19255,0.802234,-0.666606,0.000061
19270,0.79967,-0.664897,0.000061
19286,0.798572,-0.664408,0.000061
19302,0.801257,-0.662699,0.000061
19317,0.803211,-0.661356,0.000061
19333,0.800281,-0.66331,0.000061
19349,0.801502,-0.661356,0.000061
19364,0.79967,-0.662699,0.000061
19380,0.798816,-0.658304,0.000061
19395,0.797229,-0.660624,0.000061
19411,0.80199,-0.665385,0.000061
19427,0.800037,-0.662577,0.000061
19442,0.801868,-0.664042,0.000061
19458,0.802844,-0.664652,0.000061
19474,0.798572,-0.662455,0.000061
19489,0.800891,-0.661234,0.000061
19505,0.798938,-0.66392,0.000061
19520,0.798938,-0.661478,0.000061
19536,0.79906,-0.659647,0.000061
19552,0.801135,-0.665019,0.000061
19567,0.802478,-0.660013,0.000061
19583,0.802722,-0.659037,0.000061
19599,0.80199,-0.662821,0.000061
19614,0.801379,-0.664408,0.000061
19630,0.798205,-0.662577,0.000061
19645,0.795886,-0.660136,0.000061
19661,0.802722,-0.661234,0.000061
19677,0.801013,-0.662577,0.000061
19692,0.797473,-0.66331,0.000061
19708,0.798816,-0.66392,0.000061
19724,0.8026,-0.662211,0.000061
19739,0.798205,-0.661478,0.000061
19755,0.797229,-0.661478,0.000061
19770,0.798938,-0.663187,0.000061
19786,0.79906,-0.659403,0.000061
19802,0.799915,-0.660868,0.000061
19817,0.801379,-0.663798,0.000061
19833,0.797473,-0.663798,0.000061
19849,0.803211,-0.662699,0.000061
19864,0.799792,-0.662943,0.000061
19880,0.79552,-0.660746,0.000061
19895,0.803699,-0.666361,0.000061
19911,0.801502,-0.662577,0.000061
19927,0.798083,-0.665263,0.000061
19942,0.798938,-0.660013,0.000061
19958,0.800159,-0.662577,0.000061
19974,0.802844,-0.664652,0.000061
19989,0.801746,-0.662821,0.000061
20005,0.79613,-0.66038,0.000061
20020,0.79906,-0.663798,0.000061
20036,0.79906,-0.661723,0.000061
20052,0.799304,-0.664164,0.000061
20067,0.79906,-0.665263,0.000061
20083,0.797839,-0.660013,0.000061
20099,0.799182,-0.661967,0.000061
20114,0.798572,-0.662943,0.000061
20130,0.800891,-0.664164,0.000061
20145,0.801379,-0.662333,0.000061
20161,0.797351,-0.662211,0.000061
20177,0.799426,-0.662821,0.000061
20194,0.801746,-0.662943,0.000061
20208,0.794665,-0.662211,0.000061
20224,0.796741,-0.664774,0.000061
20239,0.799304,-0.661112,0.000061
20255,0.801502,-0.660746,0.000061
